{"paths":{},"types":[],"uuids":["00+s1kFYBEIaYD0gI4haow","1dXhCDY8BNY5vCL2UXx9wh","25G8PpLlBH5ZZENX/RBWEC","41xI3lerNAgLjdM9iMMwwm","4dRGl0ZDlGdaKV8SJFIKrd","54fRvsuphLqJiJg4owmM/d","5bXZr+a09Eob5UtP/Z9YlH","5fgWAbPS1F+pKo+ej2xiXQ","61cyPdEfRN047sDK9rO0W5","71VhFCTINJM6/Ky3oX9nBT","7e2vAmerxIy6XZVuJqWWaf","8dmtEVeUNDN4ygjLpQPz5/","9cfv9jAWZPw7q5L0zUQVUX","9dYAAftfRHJqYpJlnj3tC4","b0fJfyMkJAFZ5H1JyQLW2I","b4P/PCArtIdIH38t6mlw8Y","bbLI8KvvdI3qAzWxvPZslh","c0RzwepTxJWKHx5eKjCaL2","c6QdW436xPmZldEFnmQ755","d14xz2ELRDT53lSjdFEU0Z","d608qFRoFHwbXd0Dap056i","d8HsitJHxOYqo801xBk8ev","e3WVqtcJdJVJQFExJSalDe","e8Ueib+qJEhL6mXAHdnwbi","f1+dgOuUdLJZCbjxwWkbJ5","01w4/l+D1DV6HbOAsPtWEk","02delMVqdBD70a/HSD99FK","0dL7+MYQFHopN0GWY7H6jm","13XC8/WdVO5rFCnia5MDUU","14KrjoBFRJBJRpa68UP+Py","1aMvx28L1PZpgPVpKcDKCz","22B8R4/yxPublxCT04uM3J","24C8djQ5dBBZrN7fl+/cnk","2458kbFaBO7KZLfl2w7Sj4","25EU93Xi9DQaa27bVGOIAs","289FXIPDFGxKtbKRrbWYsI","29FYIk+N1GYaeWH/q1NxQO","2ao3vR13RCbaOYmQUUBG9b","2eyzGYMN9GRp7mHdyyFTVp","36z3yDWRtLSZTaV3++mktM","3boFA2PZBLtptSnnv2WBrV","3b0Jrzm7REzr5J/EqLLZc1","489ZAZQjBIt4CWVqDy19//","53/K4p6plKPJ0ofHxs8IYe","59Se7ZyVFLv5l7MqAaYI7d","5cO7kybDxGj4ipyMYdRYZB","5f5dyqtRNNxaFmVzYns6FZ","63FuOUXV9DsIfsruUcWh86","7avPdM0EZI4qGJFs5QVuug","7a/QZLET9IDreTiBfRn2PD","9bvaMerUlDyary99mJa6xp","a1qIan7TxP/Zc2+UZmb56v","a2MjXRFdtLlYQ5ouAFv/+R","d1Xd+M+xZKvI4tTAjYL3N1","e97GVMl6JHh5Ml5qEDdSGa","ecpdLyjvZBwrvm+cedCcQy","f0BIwQ8D5Ml7nTNQbh1YlS","f9fe1TXIBHH4o+gFbKKPU7","ff+LVVEVlCp5BZ4lHPaNr8"],"scenes":{"db://assets/splash/GameXX.fire":2,"db://assets/splash/LoadingGame.fire":7,"db://assets/splash/TestFR.fire":16},"redirect":[26,0,49,0,55,0],"deps":["internal"],"packs":{"03841eda6":[0,25,27,28,29,30,1,31,32,33,34,2,35,36,37,38,39,40,41,3,42,4,43,5,44,6,45,7,46,8,47,9,48,10,11,50,12,13,51,52,14,15,16,17,18,53,19,20,21,22,23,54,56,24,57,58]},"name":"main","importBase":"import","nativeBase":"native","debug":false,"isZip":false,"encrypted":false,"versions":{"import":["03841eda6","8c062"],"native":[0,"175f3",1,"9e5c5",3,"d161f",4,"83539",5,"2980e",6,"9e5c5",8,"6d707",9,"c06a9",10,"2171a",11,"9227f",12,"c0308",13,"e0234",14,"face1",15,"83fcc",17,"9dc8d",18,"3e1af",19,"80fc3",20,"d55c2",21,"cdbc9",22,"08d2b",23,"90cf4",24,"5bb97"]}}